firstname;lastname;personal_number;email
Vaughan;Stafford;16290828-0361;Nunc@ipsum.net
Alan;Caldwell;16780929-3934;velit.Cras@Proin.ca
Gannon;Mullins;16811223-3435;hendrerit.consectetuer@eratvolutpatNulla.org
Abdul;Burgess;16740820-9554;malesuada.malesuada.Integer@tellusSuspendisse.net
Fulton;Wiley;16130922-5850;erat@Curabiturvel.edu
Lucas;Osborne;16580806-6822;aptent@scelerisquedui.co.uk
Burke;Glover;16310503-6945;malesuada.malesuada@orciPhasellus.ca
Lamar;Stein;16540304-7532;sapien@Nulla.co.uk
Nicholas;Ewing;16721230-5481;lacus@utcursusluctus.edu
Thor;Mcintyre;16380316-5228;luctus.ut@sociosqu.ca
Drew;Orr;16060823-8713;Suspendisse@sempercursusInteger.org
Colin;Dixon;16050524-5373;auctor.non.feugiat@malesuada.edu
Murphy;Knapp;16641123-9681;sed.leo@purusmauris.com
Porter;Puckett;16390612-4833;non.egestas.a@eratinconsectetuer.org
Wayne;Sharp;16681126-9361;euismod.in.dolor@euneque.com
Derek;Hooper;16690416-7811;et.nunc.Quisque@loremtristique.ca
Baxter;Herrera;16821121-9012;Aliquam.vulputate@mattis.com
Nash;Bird;16030223-8746;pharetra@non.edu
Wallace;Mathis;16171021-3305;vitae.sodales.nisi@vulputate.edu
Ross;Bruce;16440726-3245;sagittis.Nullam.vitae@molestietellusAenean.org
Alexander;Lang;16970924-1732;dolor.dapibus.gravida@enimcondimentumeget.edu
Chaney;Stafford;16891208-8070;semper.dui@eratnequenon.co.uk
Gary;Pollard;16370414-8687;tincidunt@Aliquam.ca
Asher;Moreno;16420921-0113;in@risusDonec.com
James;Wright;16930602-3632;Proin.eget@aptent.co.uk
Gareth;Wong;16290720-2127;odio.Etiam.ligula@necdiamDuis.net
Reuben;Wong;16711116-0607;urna@lorem.co.uk
Malachi;Kramer;16040610-0735;ut.sem@imperdiet.edu
Xander;Jimenez;16720613-2479;erat.Sed@et.com
Clinton;Townsend;16560722-3624;tellus@gravidamolestiearcu.org
Dustin;Casey;16090617-1020;vitae.aliquet@fringilla.com
Herman;Levy;16521025-8272;Quisque.varius.Nam@Maecenasornareegestas.org
Keith;Massey;16411202-7208;ornare.egestas.ligula@Proinvel.org
Rogan;Perkins;16741127-8588;aliquet@elit.org
Sylvester;Weeks;16040817-6741;nec.diam@Aliquam.co.uk
Anthony;Holder;16191105-4821;malesuada.Integer@duiCum.org
Chancellor;Winters;16661207-7062;ut@Phasellusfermentumconvallis.ca
Leroy;Strong;16100519-3857;ac@ridiculusmusDonec.co.uk
Wallace;Mendoza;16881006-1658;hendrerit.id.ante@accumsaninterdum.com
Uriel;Sloan;16440527-0044;magna.Sed.eu@hymenaeosMauris.org
Dennis;Stark;16870815-3674;ProinÂ¤nonummy.ca
Edward;Mclean;16141107-1895;augue.scelerisque@Etiam.ca
Tad;Meadows;16830702-0282;sem.vitae@eudui.edu
Connor;Spencer;16100929-6797;diam@Pellentesquehabitant.co.uk
Sean;Simon;16250411-9666;luctus.aliquet.odio@dui.co.uk
Nash;Ray;16171217-3531;et.netus@quis.co.uk
Holmes;Leonard;16710321-9205;Nullam.ut@laciniaatiaculis.org
Blake;Fry;16520101-4668;Fusce.mi.lorem@Morbi.edu
Xanthus;Ross;16991226-5650;nec@Praesentinterdum.com
Odysseus;Powell;16950304-4746;euismod@PraesentluctusCurabitur.org
Francis;Joyce;16170603-6678;Donec.porttitor.tellus@ProinmiAliquam.ca
Christopher;Lott;16180224-2337;in.aliquet.lobortis@sapiengravidanon.ca
Hop;Stanton;16470204-3144;nulla@duiCum.co.uk
Rahim;Washington;16890209-8329;faucibus@purusNullam.net
Cyrus;Michael;16671105-9011;morbi@erat.org
Kareem;Elliott;16571016-0069;vestibulum@sit.org
Kennedy;Raymond;16591106-9945;Cum.sociis@pharetrasedhendrerit.edu
Louis;Holt;16520529-1015;in.tempus.eu@magna.ca
Akeem;Sandoval;16070213-4891;libero.Proin.sed@non.net
Sawyer;Harvey;16660919-7584;tempus.eu.ligula@auctorMauris.net
Dorian;Mathis;16910230-8104;vitae.risus@ametultriciessem.edu
Ulysses;Miller;16060109-7181;eu@euismodindolor.com
Mufutau;Perry;16141109-0564;ultrices.iaculis@congueturpisIn.ca
Lewis;Blair;16660222-7693;quam.a.felis@Aenean.co.uk
Odysseus;Obrien;16860714-4279;nulla.Donec@velit.ca
Dalton;Cabrera;16880928-5870;tempus.non@primisin.com
Judah;Schultz;16970407-7206;vitae@Integeridmagna.org
Malik;Flynn;16981002-3284;semper.pretium@pretium.com
Finn;Mckenzie;16321228-5153;ipsum.non.arcu@adipiscingelit.co.uk
Chandler;Joseph;16790203-4193;ut.mi.Duis@euodio.ca
Xander;Rosa;16410702-9391;tellus@ligula.net
Berk;Hawkins;16930627-9564;ut.dolor@vitae.com
Rahim;Rowland;16790315-6722;egestas@molestiepharetranibh.com
Omar;Benson;16930706-9519;arcu@sitametdiam.net
Arden;Velez;16430627-3519;interdum.Sed.auctor@nisi.edu
Elijah;Cook;16840327-2209;nibh.Aliquam.ornare@facilisis.edu
Arsenio;Reyes;16080710-8261;dolor@feugiat.org
Jason;Steele;16591028-9338;Mauris@velitdui.com
Hayden;Rodriquez;16340928-5750;tempus.scelerisque@ipsum.co.uk
Guy;Beck;16270419-2877;nisi@pretiumaliquet.org
Victor;Landry;16440715-2075;Quisque.ornare@vitae.org
Vincent;Carson;16570707-4877;eu@nislarcu.com
Erasmus;Schmidt;16370517-3742;justo.nec@tempor.com
Colt;Flynn;16380710-0478;Mauris@acmetusvitae.net
Julian;King;16390215-6870;ac@Namporttitorscelerisque.edu
Thor;Estrada;16621216-8295;nec.euismod.in@quis.net
Neil;Cox;16790207-9800;ornare.elit.elit@adipiscingelit.co.uk
Grady;Ryan;16760514-0818;facilisis.non@consectetuereuismod.org
Linus;Bass;16140623-5513;sit@luctusCurabitur.org
Rahim;Knox;16890824-1501;Mauris@acnullaIn.co.uk
Jesse;Noble;16501123-1080;amet@vitae.edu
Damian;Knight;16541215-4832;nec@vestibulum.ca
Solomon;Warner;16621126-1695;lacinia.vitae@Morbiquis.ca
Colton;Blankenship;16051019-7908;orci.tincidunt@porttitor.org
Hector;Flores;16880219-4780;arcu@infaucibusorci.com
Vincent;Hensley;16880330-4446;viverra.Maecenas@vitaesodalesnisi.edu
Evan;Morrison;16750623-6392;pharetra.felis@turpis.ca
Perry;Emerson;16090629-2289;mauris@semperegestas.com
Ulysses;Oneal;16370720-8736;lobortis.quis@at.edu
Rajah;Noel;16690711-1790;sociis.natoque.penatibus@Maurisut.net